metric,range,count,success_rate,avg_finish_pos,avg_speed_rating
days_since_last_work,0-4,19,42.10526315789473,3.736842105263158,70.52631578947368
days_since_last_work,5-7,123,31.70731707317073,4.851239669421488,65.65289256198348
days_since_last_work,8-14,111,40.54054054054054,4.581818181818182,67.12727272727273
days_since_last_work,15-30,112,37.5,4.657657657657658,67.36936936936937
num_works_30d,0-2,347,38.04034582132565,4.6231884057971016,67.6608695652174
num_works_30d,3-4,60,28.333333333333332,4.982758620689655,61.810344827586206
workout_intensity_score,0-5,344,36.337209302325576,4.713450292397661,66.85380116959064
workout_intensity_score,6-10,60,40.0,4.413793103448276,67.12068965517241
workout_intensity_score,11-15,3,0.0,5.333333333333333,57.0
